Workbook

Sheet July Month Targets
A1: July Month Targets
A2: Team Name | B2: Non-Negotiable | C2: Overall | D2: Achieved
A3: Engineering | B3: =SUM(Engineering!E35) -> 1950 | C3: =Engineering!F35 -> 2270 | D3: 1753
A4: Management | B4: =Management!E12 -> 525 | C4: =Management!F12 -> 615 | D4: 637
A5: Law | B5: =Law!E8 -> 200 | C5: ='Media & Liberal Arts'!F8 -> 175 | D5: 214
A6: Media & Liberal Arts | B6: ='Media & Liberal Arts'!E8 -> 125 | C6: ='Media & Liberal Arts'!F8 -> 175 | D6: 152
A8: Design | B8: =Design!E6 -> 45 | C8: =Design!F6 -> 75 | D8: 41
A9: Inbound | B9: =Inbound!E17 -> 420 | C9: =Inbound!F17 -> 490 | D9: 491
A10: Grand Total | B10: =SUM(B3:B9) -> 3265 | C10: =SUM(C3:C9) -> 3800 | D10: =SUM(D3:D9) -> 3288

Sheet Engineering
A2: Counsellor Name | B2: Agency Name | C2: DOJ | D2: Email ID | E2: Non-Negotiable | F2: Overall | G2: Acknowledgment | H2: Achieved | I2: Pending | J2: %Achieved
A3: Ritika Dakolia | B3: SKS Enterprises | C3: 45985 | D3: c-ritika.dakolia@bennett.edu.in | E3: 80 | F3: 90 | H3: 98 | I3: =F3-H3 -> -8 | J3: =H3/F3 -> 1.0888889
A4: Bhumika Kohli | B4: SKS Enterprises | C4: 46147 | D4: c-bhumika.kohli@bennett.edu.in | E4: 30 | F4: 40 | H4: 42 | I4: =F4-H4 -> -2 | J4: =H4/F4 -> 1.05
A5: Vikas Pal | B5: AM2PM | C5: 46125 | D5: c-vikas.pal@bennett.edu.in | E5: 70 | F5: 80 | H5: 83 | I5: =F5-H5 -> -3 | J5: =H5/F5 -> 1.0375
A6: Abhishek Kumar Singh | B6: SKS Enterprises | C6: 46106 | D6: c-abhishek.singh@bennett.edu.in | E6: 100 | F6: 110 | H6: 111 | I6: =F6-H6 -> -1 | J6: =H6/F6 -> 1.0090909
A7: Deepali Yadav | B7: SKS Enterprises | C7: 46125 | D7: c-deepali.yadav@bennett.edu.in | E7: 80 | F7: 90 | H7: 91 | I7: =F7-H7 -> -1 | J7: =H7/F7 -> 1.0111111
A8: Amrit Raj Verma | B8: SKS Enterprises | C8: 45985 | D8: c-amrit.verma@bennett.edu.in | E8: 70 | F8: 80 | H8: 77 | I8: =F8-H8 -> 3 | J8: =H8/F8 -> 0.9625
A9: Shweta Gupta | B9: SKS Enterprises | C9: 46034 | D9: c-shweta.gupta@bennett.edu.in | E9: 80 | F9: 90 | H9: 86 | I9: =F9-H9 -> 4 | J9: =H9/F9 -> 0.95555556
A10: Mishika Jindal | B10: SKS Enterprises | C10: 46034 | D10: c-mishika.jinddal@bennett.edu.in | E10: 80 | F10: 90 | H10: 85 | I10: =F10-H10 -> 5 | J10: =H10/F10 -> 0.94444444
A11: Md.Arshad Hussain | B11: SKS Enterprises | C11: 45352 | D11: c-arshad.hussain@bennett.edu.in | E11: 80 | F11: 90 | H11: 84 | I11: =F11-H11 -> 6 | J11: =H11/F11 -> 0.93333333
A12: Sneha Kumari | B12: SKS Enterprises | C12: 46126 | D12: c-sneha.kumarri@bennett.edu.in | E12: 70 | F12: 80 | H12: 73 | I12: =F12-H12 -> 7 | J12: =H12/F12 -> 0.9125
A13: Supriya Singh | B13: SKS Enterprises | C13: 46125 | D13: c-supriya.singh@bennett.edu.in | E13: 50 | F13: 60 | H13: 53 | I13: =F13-H13 -> 7 | J13: =H13/F13 -> 0.88333333
A14: Palki Mittal | B14: AM2PM | C14: 46129 | D14: c-palki.mittal@bennett.edu.in | E14: 50 | F14: 60 | H14: 52 | I14: =F14-H14 -> 8 | J14: =H14/F14 -> 0.86666667
... A34: Hans Sharma | B34: SKS Enterprises | C34: 46080 | D34: c-hans.sharma@bennett.edu.in | E34: 50 | F34: 60 | H34: 20 | I34: =F34-H34 -> 40 | J34: =H34/F34 -> 0.33333333
E35: =SUM(E3:E34) -> 1950 | F35: =SUM(F3:F34) -> 2270 | H35: =SUM(H3:H34) -> 1753 | I35: =SUM(I3:I34) -> 517 | J35: =H35/F35 -> 0.7722467

Sheet Management
A2: Counsellor Name | B2: Agency Name | C2: DOJ | D2: Email ID | E2: Non-Negotiable | F2: Overall | G2: Acknowledgment | H2: Achieved | I2: Pending | J2: %Achieved
A3: Abhinav Kumar | B3: SKS Enterprises | C3: 46104 | D3: c-abhinav.kumar@bennett.edu.in | E3: 70 | F3: 80 | H3: 94 | I3: =F3-H3 -> -14 | J3: =H3/F3 -> 1.175
A4: Shalini Panjiyar | B4: SKS Enterprises | C4: 46006 | D4: c-shalini.paniyar@bennett.edu.in | E4: 70 | F4: 80 | H4: 90 | I4: =F4-H4 -> -10 | J4: =H4/F4 -> 1.125
A5: Tanya Yadav | B5: SKS Enterprises | C5: 46128 | D5: c-tanya.yadav@bennett.edu.in | E5: 50 | F5: 60 | H5: 66 | I5: =F5-H5 -> -6 | J5: =H5/F5 -> 1.1
A6: Tanushree Baisala | B6: SKS Enterprises | C6: 46006 | D6: c-tanushree.bansal@bennett.edu.in | E6: 70 | F6: 80 | H6: 85 | I6: =F6-H6 -> -5 | J6: =H6/F6 -> 1.0625
A7: Nikhil Pal | B7: AM2PM | C7: 46153 | D7: c-nikhil.pal@bennett.edu.in | E7: 45 | F7: 55 | H7: 58 | I7: =F7-H7 -> -3 | J7: =H7/F7 -> 1.0545455
A8: Shivansh Tyagi | B8: SKS Enterprises | C8: 46125 | D8: c-shivansh.tyagi@bennett.edu.in | E8: 70 | F8: 80 | H8: 81 | I8: =F8-H8 -> -1 | J8: =H8/F8 -> 1.0125
A9: Arvind Kumar | B9: SKS Enterprises | C9: 46125 | D9: c-arvind.kumar@bennett.edu.in | E9: 70 | F9: 80 | H9: 80 | I9: =F9-H9 -> 0 | J9: =H9/F9 -> 1
A10: Hemant Singh | B10: AM2PM | C10: 46181 | D10: c-hemant.singh@bennett.edu.in | E10: 35 | F10: 45 | H10: 38 | I10: =F10-H10 -> 7 | J10: =H10/F10 -> 0.84444444
A11: Ashna Sidiqqui | B11: AM2PM | C11: 46128 | D11: c-ashna.sidiqqui@bennett.edu.in | E11: 45 | F11: 55 | H11: 45 | I11: =F11-H11 -> 10 | J11: =H11/F11 -> 0.81818182
E12: =SUM(E3:E11) -> 525 | F12: =SUM(F3:F11) -> 615 | H12: =SUM(H3:H11) -> 637 | I12: =SUM(I3:I11) -> -22 | J12: =H12/F12 -> 1.0357724

Sheet Law
A2: Counsellor Name | B2: Agency Name | C2: DOJ | D2: Email ID | E2: Non-Negotiable | F2: Overall | G2: Acknowledgment | H2: Achieved | I2: Pending | J2: %Achieved
A3: Sumitra Bharti | B3: SKS Enterprises | C3: 45985 | D3: c-sumitra.bharti@bennett.edu.in | E3: 50 | F3: 60 | H3: 60 | I3: =F3-H3 -> 0 | J3: =H3/F3 -> 1
A4: Mihir Kumar | B4: SKS Enterprises | C4: 45962 | D4: c-mihir.kumar@bennett.edu.in | E4: 40 | F4: 50 | H4: 46 | I4: =F4-H4 -> 4 | J4: =H4/F4 -> 0.92
A5: Debjani Saha | B5: SKS Enterprises | C5: 46090 | D5: c-debanjani.saha@bennett.edu.in | E5: 40 | F5: 50 | H5: 42 | I5: =F5-H5 -> 8 | J5: =H5/F5 -> 0.84
A6: Karnika Sharma | B6: AM2PM | C6: 46119 | D6: c-karnika.sharma@bennett.edu.in | E6: 35 | F6: 45 | H6: 34 | I6: =F6-H6 -> 11 | J6: =H6/F6 -> 0.75555556
A7: Himanshu Shahi | B7: SKS Enterprises | C7: 46111 | D7: c-himanshu.shahi@bennett.edu.in | E7: 35 | F7: 45 | H7: 32 | I7: =F7-H7 -> 13 | J7: =H7/F7 -> 0.71111111
E8: =SUM(E3:E7) -> 200 | F8: =SUM(F3:F7) -> 250 | H8: =SUM(H3:H7) -> 214 | I8: =SUM(I3:I7) -> 36 | J8: =H8/F8 -> 0.856

Sheet Media & Liberal Arts
A2: Counsellor Name | B2: Agency Name | C2: DOJ | D2: Email ID | E2: Non-Negotiable | F2: Overall | G2: Acknowledgment | H2: Achieved | I2: Pending | J2: %Achieved
A3: Shraddha Sharma | B3: SKS Enterprises | C3: 46065 | D3: c-shraddha.sharma@bennett.edu.in | E3: 25 | F3: 35 | H3: 35 | I3: =F3-H3 -> 0 | J3: =H3/F3 -> 1
A4: Taniya Adhikari | B4: SKS Enterprises | C4: 46020 | D4: c-tanya.adhikari@bennett.edu.in | E4: 25 | F4: 35 | H4: 34 | I4: =F4-H4 -> 1 | J4: =H4/F4 -> 0.97142857
A5: Prajukta Kashyap | B5: AM2PM | C5: 46121 | D5: c-prajukta.kashyap@bennett.edu.in | E5: 25 | F5: 35 | H5: 31 | I5: =F5-H5 -> 4 | J5: =H5/F5 -> 0.88571429
A6: Ashutosh Pandey | B6: SKS Enterprises | C6: 46020 | D6: c-ashutosh.pandey@bennett.edu.in | E6: 25 | F6: 35 | H6: 27 | I6: =F6-H6 -> 8 | J6: =H6/F6 -> 0.77142857
A7: Abquari Akhtar | B7: SKS Enterprises | C7: 46118 | D7: c-abquar.akhtar@bennett.edu.in | E7: 25 | F7: 35 | H7: 25 | I7: =F7-H7 -> 10 | J7: =H7/F7 -> 0.71428571
E8: =SUM(E3:E7) -> 125 | F8: =SUM(F3:F7) -> 175 | H8: =SUM(H3:H7) -> 152 | I8: =SUM(I3:I7) -> 23 | J8: =H8/F8 -> 0.86857143

Sheet Design
A2: Counsellor Name | B2: Agency Name | C2: DOJ | D2: Email ID | E2: Non-Negotiable | F2: Overall | G2: Acknowledgment | H2: Achieved | I2: Pending | J2: %Achieved
A3: Deepanshi Sharma | B3: SKS Enterprises | C3: 46013 | D3: c-deepanshi.sharma@bennett.edu.in | E3: 15 | F3: 25 | H3: 15 | I3: =F3-H3 -> 10 | J3: =H3/F3 -> 0.6
A4: Ankita Singh | B4: SKS Enterprises | C4: 46118 | D4: c-ankita.singh1@bennett.edu.in | E4: 15 | F4: 25 | H4: 13 | I4: =F4-H4 -> 12 | J4: =H4/F4 -> 0.52
A5: Nidhi Khandelwal | B5: SKS Enterprises | C5: 46097 | D5: c-nidhi.khandelwal@bennett.edu.in | E5: 15 | F5: 25 | H5: 13 | I5: =F5-H5 -> 12 | J5: =H5/F5 -> 0.52
E6: =SUM(E3:E5) -> 45 | F6: =SUM(F3:F5) -> 75 | H6: =SUM(H3:H5) -> 41 | I6: =SUM(I3:I5) -> 34 | J6: =H6/F6 -> 0.54666667

Sheet Inbound
A2: Counsellor Name | B2: Agency Name | C2: DOJ | D2: Email ID | E2: Non-Negotiable | F2: Overall | G2: Acknowledgment | H2: Achieved | I2: Pending | J2: %Achieved
A3: Yash Chaudhary | B3: SKS Enterprises | C3: 46175 | D3: c-yash.chaudhary@bennett.edu.in | E3: 30 | F3: 35 | H3: 45 | I3: =F3-H3 -> -10 | J3: =H3/F3 -> 1.2857143
A4: Sukriti Shukla | B4: SKS Enterprises | C4: 46125 | D4: c-sukriti.shukla@bennett.edu.in | E4: 30 | F4: 35 | H4: 42 | I4: =F4-H4 -> -7 | J4: =H4/F4 -> 1.2
A5: Shalini Kumari | B5: SKS Enterprises | C5: 46020 | D5: c-shalini.kumari@bennett.edu.in | E5: 30 | F5: 35 | H5: 41 | I5: =F5-H5 -> -6 | J5: =H5/F5 -> 1.1714286
A6: Agrim Chaudhary | B6: SKS Enterprises | C6: 46013 | D6: c-agrim.chaudhary@bennett.edu.in | E6: 30 | F6: 35 | H6: 40 | I6: =F6-H6 -> -5 | J6: =H6/F6 -> 1.1428571
A7: Sneha Gupta | B7: SKS Enterprises | C7: 46167 | D7: c-sneha.gupta@bennett.edu.in | E7: 30 | F7: 35 | H7: 40 | I7: =F7-H7 -> -5 | J7: =H7/F7 -> 1.1428571
A8: Ankita Yadav | B8: AM2PM | C8: 46111 | D8: c-ankita.yadav@bennett.edu.in | E8: 30 | F8: 35 | H8: 37 | I8: =F8-H8 -> -2 | J8: =H8/F8 -> 1.0571429
A9: Akanksha Sengar | B9: SKS Enterprises | C9: 46147 | D9: c-akanksha.sengar@bennett.edu.in | E9: 30 | F9: 35 | H9: 36 | I9: =F9-H9 -> -1 | J9: =H9/F9 -> 1.0285714
A10: Harsh Vardhan | B10: SKS Enterprises | C10: 46162 | D10: c-harsh.vardhan@bennett.edu.in | E10: 30 | F10: 35 | H10: 36 | I10: =F10-H10 -> -1 | J10: =H10/F10 -> 1.0285714
A11: Adiba Farid | B11: SKS Enterprises | C11: 46090 | D11: c-abida.farid@bennett.edu.in | E11: 30 | F11: 35 | H11: 36 | I11: =F11-H11 -> -1 | J11: =H11/F11 -> 1.0285714
A12: Deepali Gupta | B12: SKS Enterprises | C12: 45705 | D12: c-deepali.gupta@bennett.edu.in | E12: 30 | F12: 35 | H12: 34 | I12: =F12-H12 -> 1 | J12: =H12/F12 -> 0.97142857
A13: Safiya Farheen | B13: SKS Enterprises | C13: 46090 | D13: c-safiya.farheen@bennett.edu.in | E13: 30 | F13: 35 | H13: 31 | I13: =F13-H13 -> 4 | J13: =H13/F13 -> 0.88571429
A14: Anshika Garg | B14: AM2PM | C14: 46112 | D14: c-anshika.garg@bennett.edu.in | E14: 30 | F14: 35 | H14: 26 | I14: =F14-H14 -> 9 | J14: =H14/F14 -> 0.74285714
... A16: Sakaar Srivastava | B16: SKS Enterprises | C16: 46147 | D16: c-sakaar.srivastava@bennett.edu.in | E16: 30 | F16: 35 | H16: 21 | I16: =F16-H16 -> 14 | J16: =H16/F16 -> 0.6
E17: =SUM(E3:E16) -> 420 | F17: =SUM(F3:F16) -> 490 | H17: =SUM(H3:H16) -> 491 | I17: =SUM(I3:I16) -> -1 | J17: =H17/F17 -> 1.0020408
