Workbook

Sheet Report
A1: June Month Team Wise Applications Bifurcation
A2: S.No | B2: Team Name | C2: Target | D2: 0.9 | E2: Achieved
A3: 1 | B3: Engineering | C3: =Engineering!F38 -> 3130 | D3: =Engineering!G38 -> 2837.9
A4: 2 | B4: Management | C4: ='Management '!F13 -> 705 | D4: ='Management '!G13 -> 637.5
A5: 3 | B5: Law | C5: =Law!F8 -> 290 | D5: =Law!G8 -> 265.5
A6: 4 | B6: Media/Liberal Arts | C6: =Law!F8 -> 290 | D6: =Media!G8 -> 182
A7: 5 | B7: Design | C7: =Design!F7 -> 85 | D7: =Design!G7 -> 74
A8: 6 | B8: Inbound | C8: =Inbound!F26 -> 815 | D8: =Inbound!G26 -> 655
A9: Grand Total | C9: =SUM(C3:C8) -> 5315 | D9: =SUM(D2:D8) -> 4652.8

Sheet Engineering
A2: Counsellor Name | B2: Agency Name | C2: DOJ | D2: Email ID | E2: Acknowledgment | F2: Target | G2: 0.9 | H2: Achieved | I2: Pending | J2: %Achieved
A3: Mishika Jindal | B3: SKS Enterprises | C3: 46034 | D3: c-mishika.jinddal@bennett.edu.in | E3: Yes | F3: 120 | G3: 108 | H3: 146 | I3: =F3-H3 -> -26 | J3: =H3/F3 -> 1.2166667
A4: Ritika Dakolia | B4: SKS Enterprises | C4: 45985 | D4: c-ritika.dakolia@bennett.edu.in | E4: Yes | F4: 120 | G4: 108 | H4: 140 | I4: =F4-H4 -> -20 | J4: =H4/F4 -> 1.1666667
A5: Deepali Yadav | B5: SKS Enterprises | C5: 46125 | D5: c-deepali.yadav@bennett.edu.in | E5: Yes | F5: 80 | G5: 70 | H5: 93 | I5: =F5-H5 -> -13 | J5: =H5/F5 -> 1.1625
A6: Abhishek Kumar Singh | B6: SKS Enterprises | C6: 46106 | D6: c-abhishek.singh@bennett.edu.in | E6: Yes | F6: 120 | G6: 108 | H6: 138 | I6: =F6-H6 -> -18 | J6: =H6/F6 -> 1.15
A7: Shweta Gupta | B7: SKS Enterprises | C7: 46034 | D7: c-shweta.gupta@bennett.edu.in | E7: Yes | F7: 120 | G7: 108 | H7: 118 | I7: =F7-H7 -> 2 | J7: =H7/F7 -> 0.98333333
A8: Vishwadeep Saxena | B8: SKS Enterprises | C8: 46113 | D8: cc-vishwadeep.saxena@bennett.edu.in | E8: Yes | F8: 120 | G8: 108 | H8: 117 | I8: =F8-H8 -> 3 | J8: =H8/F8 -> 0.975
A9: Vikas Pal | B9: AM2PM | C9: 46125 | D9: c-vikas.pal@bennett.edu.in | E9: Yes | F9: 80 | G9: 70 | H9: 76 | I9: =F9-H9 -> 4 | J9: =H9/F9 -> 0.95
A10: Preeti Singh | B10: SKS Enterprises | C10: 46037 | D10: c-preeti.singh@bennett.edu.in | E10: Yes | F10: 120 | G10: 108 | H10: 110 | I10: =F10-H10 -> 10 | J10: =H10/F10 -> 0.91666667
A11: Md.Arshad Hussain | B11: SKS Enterprises | C11: 45352 | D11: c-arshad.hussain@bennett.edu.in | E11: Yes | F11: 120 | G11: 108 | H11: 103 | I11: =F11-H11 -> 17 | J11: =H11/F11 -> 0.85833333
A12: Swati Shandaliya | B12: SKS Enterprises | C12: 46006 | D12: c-swati.shandaliya@bennett.edu.in | E12: Yes | F12: 120 | G12: 108 | H12: 102 | I12: =F12-H12 -> 18 | J12: =H12/F12 -> 0.85
A13: Aashutosh Shah | B13: SKS Enterprises | C13: 46125 | D13: c-aashutosh.shah@bennett.edu.in | E13: Yes | F13: 120 | G13: 108 | H13: 102 | I13: =F13-H13 -> 18 | J13: =H13/F13 -> 0.85
A14: Roshan Kumar Singh | B14: AM2PM | C14: 46125 | D14: c-roshan.singh@bennett.edu.in | E14: Yes | F14: 80 | G14: 70 | H14: 64 | I14: =F14-H14 -> 16 | J14: =H14/F14 -> 0.8
A15: Sneha Kumari | B15: SKS Enterprises | C15: 46126 | D15: c-sneha.kumarri@bennett.edu.in | E15: Yes | F15: 80 | G15: 70 | H15: 65 | I15: =F15-H15 -> 15 | J15: =H15/F15 -> 0.8125
A16: Palki Mittal | B16: AM2PM | C16: 46129 | D16: c-palki.mittal@bennett.edu.in | E16: Yes | F16: 50 | G16: =F16*0.9 -> 45 | H16: 38 | I16: =F16-H16 -> 12 | J16: =H16/F16 -> 0.76
A17: Ishika Singh | B17: SKS Enterprises | C17: 46128 | D17: c-ishika.singh@bennett.edu.in | E17: Yes | F17: 50 | G17: =F17*0.9 -> 45 | H17: 38 | I17: =F17-H17 -> 12 | J17: =H17/F17 -> 0.76
A18: Yogita Singh | B18: AM2PM | C18: 46126 | D18: c-yogita.singh@bennett.edu.in | E18: Yes | F18: 50 | G18: 45 | H18: 38 | I18: =F18-H18 -> 12 | J18: =H18/F18 -> 0.76
A19: Surbhi Yadav | B19: AM2PM | C19: 46132 | D19: c-surbhi.yadav@bennett.edu.in | E19: Yes | F19: 65 | G19: 60 | H19: 49 | I19: =F19-H19 -> 16 | J19: =H19/F19 -> 0.75384615
A20: Sakshi Singh | B20: AM2PM | C20: 46128 | D20: c-sakshi.singh@bennett.edu.in | E20: Yes | F20: 65 | G20: 60 | H20: 49 | I20: =F20-H20 -> 16 | J20: =H20/F20 -> 0.75384615
A21: Sneha Garg | B21: SKS Enterprises | C21: 46180 | D21: c-sneha.garg@bennett.edu.in | E21: Yes | F21: 75 | G21: 70 | H21: 54 | I21: =F21-H21 -> 21 | J21: =H21/F21 -> 0.72
A22: Supriya Singh | B22: SKS Enterprises | C22: 46125 | D22: c-supriya.singh@bennett.edu.in | E22: Yes | F22: 75 | G22: 70 | H22: 54 | I22: =F22-H22 -> 21 | J22: =H22/F22 -> 0.72
A23: Sanjay Rawat | B23: AM2PM | C23: 46121 | D23: c-sanjay.rawat@bennett.edu.in | E23: Yes | F23: 80 | G23: 70 | H23: 57 | I23: =F23-H23 -> 23 | J23: =H23/F23 -> 0.7125
A24: Sanjana Pal | B24: AM2PM | C24: 46132 | D24: c-sanjana.pal@bennett.edu.in | E24: Yes | F24: 65 | G24: 60 | H24: 46 | I24: =F24-H24 -> 19 | J24: =H24/F24 -> 0.70769231
A25: Ritu Raj | B25: SKS Enterprises | C25: 46121 | D25: c-ritu.raj@bennett.edu.in | E25: Yes | F25: 60 | G25: 55 | H25: 41 | I25: =F25-H25 -> 19 | J25: =H25/F25 -> 0.68333333
A26: Prachi Mehta | B26: SKS Enterprises | C26: 46099 | D26: c-prachi.mehta@bennett.edu.in | E26: Yes | F26: 110 | G26: 102 | H26: 75 | I26: =F26-H26 -> 35 | J26: =H26/F26 -> 0.68181818
A27: Amrit Raj Verma | B27: SKS Enterprises | C27: 45985 | D27: c-amrit.verma@bennett.edu.in | E27: Yes | F27: 130 | G27: 120 | H27: 78 | I27: =F27-H27 -> 52 | J27: =H27/F27 -> 0.6
A28: Akshat Sharma | B28: SKS Enterprises | C28: 46020 | D28: c-akshat.sharma@bennett.edu.in | E28: Yes | F28: 110 | G28: 100 | H28: 66 | I28: =F28-H28 -> 44 | J28: =H28/F28 -> 0.6
A29: Mushraff Ali | B29: AM2PM | C29: 46118 | D29: c-mushraff.ali@bennett.edu.in | E29: Yes | F29: 75 | G29: 70 | H29: 43 | I29: =F29-H29 -> 32 | J29: =H29/F29 -> 0.57333333
... A37: Abhinav Teotia | B37: SKS Enterprises | C37: 46129 | D37: c-abhinav.teotia@bennett.edu.in | E37: Yes | F37: 80 | G37: 75 | H37: 27 | I37: =F37-H37 -> 53 | J37: =H37/F37 -> 0.3375
A38: Grand Total | F38: =SUM(F3:F37) -> 3130 | G38: =SUM(G2:G37) -> 2837.9 | H38: =SUM(H3:H37) -> 2417 | I38: =SUM(I3:I37) -> 713 | J38: =H38/F38 -> 0.77220447

Sheet Management 
A2: Counsellor Name | B2: Agency Name | C2: DOJ | D2: Email ID | E2: Acknowledgment | F2: Target | G2: 0.9 | H2: Achieved | I2: Pending | J2: % Achieved
A3: Shivansh Tyagi | B3: SKS Enterprises | C3: 46125 | D3: c-shivansh.tyagi@bennett.edu.in | E3: Yes | F3: 70 | G3: 65 | H3: 104 | I3: =F3-H3 -> -34 | J3: =H3/F3 -> 1.4857143
A4: Shalini Panjiyar | B4: SKS Enterprises | C4: 46006 | D4: c-shalini.paniyar@bennett.edu.in | E4: Yes | F4: 100 | G4: =F4*0.9 -> 90 | H4: 116 | I4: =F4-H4 -> -16 | J4: =H4/F4 -> 1.16
A5: Abhinav Kumar | B5: SKS Enterprises | C5: 46104 | D5: c-abhinav.kumar@bennett.edu.in | E5: Yes | F5: 100 | G5: =F5*0.9 -> 90 | H5: 112 | I5: =F5-H5 -> -12 | J5: =H5/F5 -> 1.12
A6: Nikhil Pal | B6: AM2PM | C6: 46153 | D6: c-nikhil.pal@bennett.edu.in | E6: Yes | F6: 35 | G6: =F6*0.9 -> 31.5 | H6: 37 | I6: =F6-H6 -> -2 | J6: =H6/F6 -> 1.0571429
A7: Arvind Kumar | B7: SKS Enterprises | C7: 46125 | D7: c-arvind.kumar@bennett.edu.in | E7: Yes | F7: 90 | G7: 80 | H7: 93 | I7: =F7-H7 -> -3 | J7: =H7/F7 -> 1.0333333
A8: Ashna Sidiqqui | B8: AM2PM | C8: 46128 | D8: c-ashna.sidiqqui@bennett.edu.in | E8: Yes | F8: 40 | G8: =F8*0.9 -> 36 | H8: 39 | I8: =F8-H8 -> 1 | J8: =H8/F8 -> 0.975
A9: Tanya Yadav | B9: SKS Enterprises | C9: 46128 | D9: c-tanya.yadav@bennett.edu.in | E9: Yes | F9: 60 | G9: 55 | H9: 53 | I9: =F9-H9 -> 7 | J9: =H9/F9 -> 0.88333333
A10: Tanushree Baisala | B10: SKS Enterprises | C10: 46006 | D10: c-tanushree.bansal@bennett.edu.in | E10: Yes | F10: 100 | G10: =F10*0.9 -> 90 | H10: 87 | I10: =F10-H10 -> 13 | J10: =H10/F10 -> 0.87
A11: Shubham Kumar | B11: SKS Enterprises | C11: 46118 | D11: c-shubham.kumar@bennett.edu.in | E11: Yes | F11: 60 | G11: 55 | H11: 51 | I11: =F11-H11 -> 9 | J11: =H11/F11 -> 0.85
A12: Bhumika Kumari | B12: SKS Enterprises | C12: 46118 | D12: c-bhumika.kumari@bennett.edu.in | E12: Yes | F12: 50 | G12: =F12*0.9 -> 45 | H12: 42 | I12: =F12-H12 -> 8 | J12: =H12/F12 -> 0.84
A13: Grand Total | F13: =SUM(F3:F12) -> 705 | G13: =SUM(G3:G12) -> 637.5 | H13: =SUM(H3:H12) -> 734 | I13: =SUM(I3:I12) -> -29 | J13: =H13/F13 -> 1.0411348

Sheet Media
A2: Counsellor Name | B2: Agency Name | C2: DOJ | D2: Email ID | E2: Acknowledgment | F2: Target | G2: 0.9 | H2: Achieved | I2: Pending | J2: %Achieved
A3: Shraddha Sharma | B3: SKS Enterprises | C3: 46065 | D3: c-shraddha.sharma@bennett.edu.in | E3: Yes | F3: 45 | G3: 40 | H3: 39 | I3: =F3-H3 -> 6 | J3: =H3/F3 -> 0.86666667
A4: Prajukta Kashyap | B4: AM2PM | C4: 46121 | D4: c-prajukta.kashyap@bennett.edu.in | E4: Yes | F4: 35 | G4: 30 | H4: 30 | I4: =F4-H4 -> 5 | J4: =H4/F4 -> 0.85714286
A5: Ashutosh Pandey | B5: SKS Enterprises | C5: 46020 | D5: c-ashutosh.pandey@bennett.edu.in | E5: Yes | F5: 45 | G5: 40 | H5: 37 | I5: =F5-H5 -> 8 | J5: =H5/F5 -> 0.82222222
A6: Taniya Adhikari | B6: SKS Enterprises | C6: 46020 | D6: c-tanya.adhikari@bennett.edu.in | E6: Yes | F6: 50 | G6: =F6*0.9 -> 45 | H6: 32 | I6: =F6-H6 -> 18 | J6: =H6/F6 -> 0.64
A7: Abquari Akhtar | B7: SKS Enterprises | C7: 46118 | D7: c-abquar.akhtar@bennett.edu.in | E7: Yes | F7: 30 | G7: 27 | H7: 17 | I7: =F7-H7 -> 13 | J7: =H7/F7 -> 0.56666667
A8: Grand Total | F8: =SUM(F3:F7) -> 205 | G8: =SUM(G3:G7) -> 182 | H8: =SUM(H3:H7) -> 155 | I8: =SUM(I3:I7) -> 50 | J8: =I8/F8 -> 0.24390244

Sheet Law
A2: Counsellor Name | B2: Agency Name | C2: DOJ | D2: Email ID | E2: Acknowledgment | F2: Target | G2: 0.9 | H2: Achieved | I2: Pending | J2: % Achieved
A3: Sumitra Bharti | B3: SKS Enterprises | C3: 45985 | D3: c-sumitra.bharti@bennett.edu.in | E3: Yes | F3: 75 | G3: 70 | H3: 82 | I3: =F3-H3 -> -7 | J3: =H3/F3 -> 1.0933333
A4: Debjani Saha | B4: SKS Enterprises | C4: 46090 | D4: c-debanjani.saha@bennett.edu.in | E4: Yes | F4: 50 | G4: =F4*0.9 -> 45 | H4: 52 | I4: =F4-H4 -> -2 | J4: =H4/F4 -> 1.04
A5: Karnika Sharma | B5: AM2PM | C5: 46119 | D5: c-karnika.sharma@bennett.edu.in | E5: Yes | F5: 45 | G5: 40 | H5: 40 | I5: =F5-H5 -> 5 | J5: =H5/F5 -> 0.88888889
A6: Mihir Kumar | B6: SKS Enterprises | C6: 45962 | D6: c-mihir.kumar@bennett.edu.in | E6: Yes | F6: 65 | G6: 61 | H6: 51 | I6: =F6-H6 -> 14 | J6: =H6/F6 -> 0.78461538
A7: Himanshu Shahi | B7: SKS Enterprises | C7: 46111 | D7: c-himanshu.shahi@bennett.edu.in | E7: Yes | F7: 55 | G7: =F7*0.9 -> 49.5 | H7: 38 | I7: =F7-H7 -> 17 | J7: =H7/F7 -> 0.69090909
A8: Grand Total | F8: =SUM(F3:F7) -> 290 | G8: =SUM(G3:G7) -> 265.5 | H8: =SUM(H3:H7) -> 263 | I8: =SUM(I3:I7) -> 27 | J8: =H8/F8 -> 0.90689655

Sheet Design
A2: Counsellor Name | B2: Agency Name | C2: DOJ | D2: Email ID | E2: Acknowledgment | F2: Target | G2: 0.9 | H2: Achieved | I2: Pending | J2: % Achieved
A3: Deepanshi Sharma | B3: SKS Enterprises | C3: 46013 | D3: c-deepanshi.sharma@bennett.edu.in | E3: Yes | F3: 20 | G3: =F3*0.9 -> 18 | H3: 14 | I3: =F3-H3 -> 6 | J3: =H3/F3 -> 0.7
A4: Nidhi Khandelwal | B4: SKS Enterprises | C4: 46097 | D4: c-nidhi.khandelwal@bennett.edu.in | E4: Yes | F4: 25 | G4: 20 | H4: 14 | I4: =F4-H4 -> 11 | J4: =H4/F4 -> 0.56
A5: Ankita Singh | B5: SKS Enterprises | C5: 46118 | D5: c-ankita.singh1@bennett.edu.in | E5: Yes | F5: 20 | G5: =F5*0.9 -> 18 | H5: 10 | I5: =F5-H5 -> 10 | J5: =H5/F5 -> 0.5
A6: Nayanika Singh | B6: SKS Enterprises | C6: 46128 | D6: c-nayanika.singh@bennett.edu.in | E6: Yes | F6: 20 | G6: =F6*0.9 -> 18 | H6: 8 | I6: =F6-H6 -> 12 | J6: =H6/F6 -> 0.4
A7: Grand Total | F7: =SUM(F3:F6) -> 85 | G7: =SUM(G3:G6) -> 74 | H7: =SUM(H3:H6) -> 46 | I7: =SUM(I3:I6) -> 39 | J7: =H7/F7 -> 0.54117647

Sheet Inbound
A2: Counsellor Name | B2: Agency Name | C2: DOJ | D2: Email ID | E2: Acknowledgment | F2: Target | G2: 0.9 | H2: Achieved | I2: Pending | J2: % Achieved
A3: Ayushi Aggarwal | B3: AM2PM | C3: 46155 | D3: c-ayushi.aggarwal@bennett.edu.in | E3: Yes | F3: 40 | G3: =F3-5 -> 35 | H3: 51 | I3: =F3-H3 -> -11 | J3: =H3/F3 -> 1.275
A4: Deepali Gupta | B4: SKS Enterprises | C4: 45705 | D4: c-deepali.gupta@bennett.edu.in | E4: Yes | F4: 40 | G4: =F4-5 -> 35 | H4: 50 | I4: =F4-H4 -> -10 | J4: =H4/F4 -> 1.25
A5: Harsh Vardhan | B5: SKS Enterprises | C5: 46162 | F5: 35 | G5: =F5-5 -> 30 | H5: 40 | I5: =F5-H5 -> -5 | J5: =H5/F5 -> 1.1428571
A6: Sneha Gupta | B6: SKS Enterprises | C6: 46167 | F6: 35 | G6: =F6-5 -> 30 | H6: 37 | I6: =F6-H6 -> -2 | J6: =H6/F6 -> 1.0571429
A7: Akanksha Sengar | B7: SKS Enterprises | C7: 46147 | D7: c-akanksha.sengar@bennett.edu.in | E7: Yes | F7: 40 | G7: =F7-5 -> 35 | H7: 42 | I7: =F7-H7 -> -2 | J7: =H7/F7 -> 1.05
A8: Anshika Garg | B8: AM2PM | C8: 46112 | D8: c-anshika.garg@bennett.edu.in | E8: Yes | F8: 40 | G8: =F8-5 -> 35 | H8: 40 | I8: =F8-H8 -> 0 | J8: =H8/F8 -> 1
A9: Shalini Kumari | B9: SKS Enterprises | C9: 46020 | D9: c-shalini.kumari@bennett.edu.in | E9: Yes | F9: 40 | G9: =F9-5 -> 35 | H9: 40 | I9: =F9-H9 -> 0 | J9: =H9/F9 -> 1
A10: Sukriti Shukla | B10: SKS Enterprises | C10: 46125 | D10: c-sukriti.shukla@bennett.edu.in | E10: Yes | F10: 40 | G10: =F10-5 -> 35 | H10: 40 | I10: =F10-H10 -> 0 | J10: =H10/F10 -> 1
A11: Vansh Aggarwal | B11: AM2PM | C11: 46140 | D11: c-vansh.aggarwal@bennett.edu.in | E11: Yes | F11: 40 | G11: =F11-5 -> 35 | H11: 38 | I11: =F11-H11 -> 2 | J11: =H11/F11 -> 0.95
A12: Alok Raj | B12: SKS Enterprises | C12: 46055 | D12: c-alok.raj@bennett.edu.in | E12: Yes | F12: 50 | G12: =F12-5 -> 45 | H12: 44 | I12: =F12-H12 -> 6 | J12: =H12/F12 -> 0.88
A13: Adiba Farid | B13: SKS Enterprises | C13: 46090 | D13: c-abida.farid@bennett.edu.in | E13: Yes | F13: 40 | G13: =F13-5 -> 35 | H13: 35 | I13: =F13-H13 -> 5 | J13: =H13/F13 -> 0.875
A14: Safiya Farheen | B14: SKS Enterprises | C14: 46090 | D14: c-safiya.farheen@bennett.edu.in | E14: Yes | F14: 40 | G14: =F14-5 -> 35 | H14: 29 | I14: =F14-H14 -> 11 | J14: =H14/F14 -> 0.725
A15: Ankita Yadav | B15: AM2PM | C15: 46111 | D15: c-ankita.yadav@bennett.edu.in | E15: Yes | F15: 40 | G15: =F15-5 -> 35 | H15: 32 | I15: =F15-H15 -> 8 | J15: =H15/F15 -> 0.8
A16: Bhoomi Kanujiya | B16: SKS Enterprises | C16: 46099 | D16: c-bhoomi.kanujiya@bennett.edu.in | E16: Yes | F16: 40 | G16: =F16-5 -> 35 | H16: 26 | I16: =F16-H16 -> 14 | J16: =H16/F16 -> 0.65
A17: Sarang Patel | B17: SKS Enterprises | C17: 46080 | D17: c-sarang.patel@bennett.edu.in | E17: Yes | F17: 40 | G17: =F17-5 -> 35 | H17: 21 | I17: =F17-H17 -> 19 | J17: =H17/F17 -> 0.525
A18: Sakaar Srivastava | B18: SKS Enterprises | C18: 46147 | D18: c-sakaar.srivastava@bennett.edu.in | E18: Yes | F18: 40 | G18: =F18-5 -> 35 | H18: 20 | I18: =F18-H18 -> 20 | J18: =H18/F18 -> 0.5
... A21: Yashika Gupta | B21: SKS Enterprises | C21: 46147 | D21: c-yashika.gupta@bennett.edu.in | E21: Yes | F21: 40 | G21: =F21-5 -> 35 | H21: 13 | I21: =F21-H21 -> 27 | J21: =H21/F21 -> 0.325
A22: Riya Singh | B22: SKS Enterprises | C22: 46141 | D22: c-riya.singh@bennett.edu.in | E22: Yes | F22: 35 | G22: 30 | H22: 10 | I22: =F22-H22 -> 25 | J22: =H22/F22 -> 0.28571429
A23: Bhumika Kohli | B23: SKS Enterprises | C23: 46147 | D23: c-bhumika.kohli@bennett.edu.in | E23: Yes | F23: 30 | G23: 27 | H23: 7 | I23: =F23-H23 -> 23 | J23: =H23/F23 -> 0.23333333
A24: Yash Chaudhary | B24: SKS Enterprises | C24: 46175 | F24: _ | G24: _ | H24: 17 | I24: _ | J24: _
A25: Mayank | B25: SKS Enterprises | C25: 46153 | D25: c-mayank@bennett.edu.in | F25: _ | G25: _ | H25: 9 | I25: _ | J25: _
A26: Grand Total | F26: =SUM(F3:F23) -> 815 | G26: =SUM(G3:G21) -> 655 | H26: =SUM(H3:H25) -> 671 | I26: =SUM(I3:I23) -> 170 | J26: =H26/F26 -> 0.82331288
